"PlateNumb","RouteUID","RouteName","SubRouteUID","SubRouteName","Direction","StopUID","StopName","StopSequence","DutyStatus","BusStatus","A2EventType","GPSTime","TripStartTime","TripStartTimeType"
"047-U5","TPE19108","307西藏三民","TPE161407","307西藏往板橋前站",1,"TPE213097","華中橋",31,1,0,0,"2025-10-22T22:31:55+08:00","2025-10-22T21:33:15+08:00",0
"206-U5","TPE16111","307","TPE157463","307莒光往撫遠街",0,"TPE15286","新東里",63,1,0,0,"2025-10-22T22:32:26+08:00","2025-10-22T20:46:55+08:00",0
"207-U5","TPE19108","307西藏三民","TPE161407","307西藏往板橋前站",1,"TPE213084","行政院",18,1,0,1,"2025-10-22T22:31:42+08:00","2025-10-22T22:00:34+08:00",0
"261-U5","TPE16111","307","TPE157463","307莒光往撫遠街",0,"TPE15230","果菜市場",35,1,0,0,"2025-10-22T22:32:19+08:00","2025-10-22T21:36:01+08:00",0
"266-U5","TPE16111","307","TPE157463","307莒光往撫遠街",0,"TPE15219","連城中正路口",28,1,0,0,"2025-10-22T22:31:19+08:00","2025-10-22T21:44:04+08:00",0
"267-U5","TPE16111","307","TPE157462","307莒光往板橋前站",1,"TPE15318","小南門",23,1,0,1,"2025-10-22T22:32:09+08:00","2025-10-22T21:55:28+08:00",0
"366-U5","TPE16111","307","TPE157462","307莒光往板橋前站",1,"TPE15323","西藏路口",28,1,0,0,"2025-10-22T22:32:24+08:00","2025-10-22T21:39:36+08:00",0
"467-FZ","TPE16111","307","TPE157463","307莒光往撫遠街",0,"TPE15254","青島林森路口",47,1,0,1,"2025-10-22T22:31:47+08:00","2025-10-22T21:13:00+08:00",0
"471-FZ","TPE19108","307西藏三民","TPE161408","307西藏往撫遠街",0,"TPE213060","西松國小",59,1,0,1,"2025-10-22T22:32:17+08:00","2025-10-22T21:01:10+08:00",0
"EAA-151","TPE16111","307","TPE157463","307莒光往撫遠街",0,"TPE15288","莊敬里",66,1,0,1,"2025-10-22T22:26:28+08:00","2025-10-22T20:41:58+08:00",0
"EAA-153","TPE16111","307","TPE157462","307莒光往板橋前站",1,"TPE15338","積穗",44,1,0,0,"2025-10-22T22:32:26+08:00","2025-10-22T21:15:21+08:00",0
"EAA-158","TPE16111","307","TPE157462","307莒光往板橋前站",1,"TPE15339","板橋監理站",45,1,0,1,"2025-10-22T22:32:20+08:00","2025-10-22T21:22:04+08:00",1
"EAL-0073","TPE16111","307","TPE157463","307莒光往撫遠街",0,"TPE15203","板橋戶政事務所",9,1,0,1,"2025-10-22T22:29:51+08:00","2025-10-22T22:21:50+08:00",0
"EAL-0076","TPE19108","307西藏三民","TPE161408","307西藏往撫遠街",0,"TPE213021","板橋監理站",20,1,0,1,"2025-10-22T22:32:26+08:00","2025-10-22T22:01:48+08:00",0
"EAL-0077","TPE16111","307","TPE157462","307莒光往板橋前站",1,"TPE194689","臺北客運板橋前站(藝文)",62,1,0,1,"2025-10-22T22:31:13+08:00","2025-10-22T20:45:49+08:00",0
"EAL-0078","TPE19108","307西藏三民","TPE161407","307西藏往板橋前站",1,"TPE213116","新北市政府(新府路)",50,1,0,1,"2025-10-22T22:30:34+08:00","2025-10-22T21:00:45+08:00",0
"EAL-0079","TPE16111","307","TPE157462","307莒光往板橋前站",1,"TPE15314","行政院",19,1,0,1,"2025-10-22T22:32:24+08:00","2025-10-22T22:09:30+08:00",0
"EAL-0087","TPE16111","307","TPE157463","307莒光往撫遠街",0,"TPE15280","南松山(南京)",60,1,0,0,"2025-10-22T22:31:30+08:00","2025-10-22T20:35:47+08:00",0
"EAL-0088","TPE19108","307西藏三民","TPE161408","307西藏往撫遠街",0,"TPE213036","果菜市場",35,1,0,0,"2025-10-22T22:32:10+08:00","2025-10-22T21:32:49+08:00",0
"EAL-0090","TPE16111","307","TPE157463","307莒光往撫遠街",0,"TPE15212","板橋監理站",20,1,0,1,"2025-10-22T22:32:24+08:00","2025-10-22T21:56:54+08:00",0
"EAL-0092","TPE16111","307","TPE157463","307莒光往撫遠街",0,"TPE15258","華山公園",49,1,0,1,"2025-10-22T22:32:12+08:00","2025-10-22T21:23:47+08:00",0
"EAL-0093","TPE16111","307","TPE157462","307莒光往板橋前站",1,"TPE15317","捷運西門站",22,1,0,0,"2025-10-22T22:31:58+08:00","2025-10-22T21:45:28+08:00",0
"EAL-0099","TPE16111","307","TPE157463","307莒光往撫遠街",0,"TPE15208","民族區運路口",16,1,0,0,"2025-10-22T22:32:15+08:00","2025-10-22T22:09:46+08:00",0
"EAL-1156","TPE16111","307","TPE157462","307莒光往板橋前站",1,"TPE15386","北門街(黃石市場)",54,1,0,1,"2025-10-22T22:31:56+08:00","2025-10-22T21:04:30+08:00",1
"EAL-1157","TPE16111","307","TPE157463","307莒光往撫遠街",0,"TPE15290","民生國中",64,1,0,1,"2025-10-22T22:32:18+08:00","2025-10-22T20:55:02+08:00",0
"EAL-1158","TPE16111","307","TPE157463","307莒光往撫遠街",0,"TPE15254","青島林森路口",47,1,0,1,"2025-10-22T22:31:56+08:00","2025-10-22T21:19:00+08:00",0
"EAL-1162","TPE16111","307","TPE157463","307莒光往撫遠街",0,"TPE15274","南京寧安街口",57,1,0,0,"2025-10-22T22:30:29+08:00","2025-10-22T21:05:10+08:00",0
"EAL-1163","TPE16111","307","TPE157462","307莒光往板橋前站",1,"TPE15328","連城景平路(暫時裁撤)",34,1,0,0,"2025-10-22T22:31:55+08:00","2025-10-22T21:34:55+08:00",0
"EAL-1165","TPE16111","307","TPE157462","307莒光往板橋前站",1,"TPE15389","大庭新村",57,1,0,1,"2025-10-22T22:31:54+08:00","2025-10-22T20:58:56+08:00",0
"EAL-3139","TPE16111","307","TPE157462","307莒光往板橋前站",1,"TPE15306","南京敦化路口(小巨蛋)",11,1,0,1,"2025-10-22T22:31:51+08:00","2025-10-22T22:20:00+08:00",0
"EAL-3151","TPE16111","307","TPE157462","307莒光往板橋前站",1,"TPE15296","新益里",2,1,0,1,"2025-10-22T22:31:41+08:00","2025-10-22T22:29:57+08:00",0
